Academic_Year,State_Code,State_Name,District_Code,District_Name,Block_Code,Udise_Block_Name,Location,School_Category_Id,School_Category_Name,School_Management_Id,School_Management_Name,Total_Number_of_Schools,Building,Boundary_Wall,Single_Class_Room,Separate_Room_for_Headmaster,Land_Available,Electricity,Functional_Electricity,Solar_Panel,Furniture,Playground,Library_or_Reading_Corner_or_Book_Bank,Librarian,Newspaper,Kitchen_Garden,Boy_Toilet,Functional_Boy_Toilet,Girl_Toilet,Functional_Girl_Toilet,Toilet_Facility,Functional_Toilet_Facility,Functional_Urinal_Boy,Functional_Urinal_Girl,Functional_Urinal,Functional_Toilet_and_Urinal,Drinking_Water,Functional_Drinking_Water,Water_Purifier,Rain_Water_Harvesting,Water_Tested,Handwash,Incinerator,WASH_Facility_Drinking_Water_Toilet_and_Handwash,Ramps,Medical_Checkup,Complete_Medical_Checkup,Internet,Computer_Available
2019-20,9,Uttar Pradesh,930,KANNAUJ,93001,KANNAUJ,Rural,1,PS (I-V),1,Department of Education,118,118,94,0,112,30,115,118,8,0,78,118,9,8,33,118,116,118,117,118,117,102,102,103,102,118,118,5,3,13,116,0,115,118,115,96,2,1
2019-20,9,Uttar Pradesh,930,KANNAUJ,93001,KANNAUJ,Rural,1,PS (I-V),5,Private Unaided (Recognized),37,37,26,0,30,22,34,35,16,0,25,22,1,7,6,36,36,37,37,37,37,32,32,33,33,37,37,8,6,5,37,0,37,20,14,3,14,9
2019-20,9,Uttar Pradesh,930,KANNAUJ,93001,KANNAUJ,Rural,1,PS (I-V),98,Madarsa unrecognized,9,8,5,0,6,6,8,8,3,0,7,2,0,1,1,9,9,9,9,9,9,8,7,8,8,9,9,1,0,0,9,0,9,4,2,0,2,2
2019-20,9,Uttar Pradesh,930,KANNAUJ,93001,KANNAUJ,Rural,2,UPS (I-VIII),1,Department of Education,29,29,22,0,28,8,28,29,1,0,20,29,4,3,10,29,29,29,29,29,29,22,22,22,22,29,29,1,0,4,29,21,29,29,28,24,0,1
2019-20,9,Uttar Pradesh,930,KANNAUJ,93001,KANNAUJ,Rural,2,UPS (I-VIII),5,Private Unaided (Recognized),3,3,2,0,1,1,2,2,1,0,1,1,0,1,0,3,3,3,3,3,3,3,3,3,3,3,3,0,0,0,2,0,2,0,0,0,1,1
2019-20,9,Uttar Pradesh,930,KANNAUJ,93001,KANNAUJ,Rural,2,UPS (I-VIII),98,Madarsa unrecognized,4,4,3,0,1,2,4,4,0,0,3,3,0,3,0,4,4,4,4,4,4,3,3,3,3,4,4,0,0,1,3,2,3,2,1,0,0,2
2019-20,9,Uttar Pradesh,930,KANNAUJ,93001,KANNAUJ,Rural,3,HSS (I-XII),4,Government Aided,1,1,1,0,1,1,1,1,0,0,1,1,0,0,1,1,1,1,1,1,1,1,1,1,1,1,1,1,0,1,1,0,1,1,1,1,0,1
2019-20,9,Uttar Pradesh,930,KANNAUJ,93001,KANNAUJ,Rural,3,HSS (I-XII),5,Private Unaided (Recognized),2,2,2,0,2,2,2,2,0,0,1,1,0,1,0,2,2,2,2,2,2,2,2,2,2,2,2,1,1,1,2,2,2,0,1,1,1,2
2019-20,9,Uttar Pradesh,930,KANNAUJ,93001,KANNAUJ,Rural,3,HSS (I-XII),98,Madarsa unrecognized,1,1,1,0,1,1,1,1,0,0,1,1,1,1,0,1,1,1,1,1,1,1,1,1,1,1,1,0,0,0,1,1,1,1,1,0,1,1
2019-20,9,Uttar Pradesh,930,KANNAUJ,93001,KANNAUJ,Rural,4,UPS (VI-VIII),1,Department of Education,31,31,18,0,30,12,29,31,3,0,21,31,3,2,4,30,30,30,30,31,31,23,23,24,24,31,31,2,2,5,30,21,30,30,28,25,0,1
2019-20,9,Uttar Pradesh,930,KANNAUJ,93001,KANNAUJ,Rural,4,UPS (VI-VIII),4,Government Aided,2,2,1,0,1,1,2,2,1,0,2,1,0,1,0,2,2,2,2,2,2,1,1,1,1,2,2,0,1,0,2,1,2,2,1,1,1,1
2019-20,9,Uttar Pradesh,930,KANNAUJ,93001,KANNAUJ,Rural,4,UPS (VI-VIII),5,Private Unaided (Recognized),19,19,12,0,17,13,16,18,8,0,9,11,2,8,2,19,19,19,19,19,19,15,16,16,16,19,19,4,3,3,19,3,19,10,4,3,7,16
2019-20,9,Uttar Pradesh,930,KANNAUJ,93001,KANNAUJ,Rural,5,HSS (VI-XII),1,Department of Education,1,1,0,0,1,1,1,1,0,0,1,1,0,1,1,1,1,1,1,1,1,1,1,1,1,1,1,0,0,0,1,1,1,1,1,1,0,1
2019-20,9,Uttar Pradesh,930,KANNAUJ,93001,KANNAUJ,Rural,5,HSS (VI-XII),4,Government Aided,2,1,2,0,2,2,2,2,1,0,2,1,1,2,0,2,2,2,2,2,2,0,0,0,0,2,2,0,0,0,2,1,2,2,1,1,0,2
2019-20,9,Uttar Pradesh,930,KANNAUJ,93001,KANNAUJ,Rural,5,HSS (VI-XII),5,Private Unaided (Recognized),7,7,7,0,6,6,6,7,1,0,6,3,3,4,1,7,7,7,7,7,7,7,7,7,7,7,7,2,2,2,7,1,7,6,2,2,4,3
2019-20,9,Uttar Pradesh,930,KANNAUJ,93001,KANNAUJ,Rural,6,SS (I-X),98,Madarsa unrecognized,4,4,2,0,2,2,4,4,1,0,2,2,0,2,0,4,4,4,4,4,4,3,3,3,3,4,4,0,0,0,3,0,3,1,0,0,1,2
2019-20,9,Uttar Pradesh,930,KANNAUJ,93001,KANNAUJ,Rural,7,SS (VI-X),5,Private Unaided (Recognized),4,4,4,0,4,3,4,4,1,0,4,2,1,3,0,4,4,4,4,4,4,3,3,3,3,4,4,0,1,2,4,0,4,4,2,1,2,2
2019-20,9,Uttar Pradesh,930,KANNAUJ,93001,KANNAUJ,Rural,8,SS (IX-X),1,Department of Education,2,2,0,0,2,2,2,2,0,0,2,2,0,0,0,2,2,2,2,2,2,2,2,2,2,2,2,0,0,0,2,0,2,2,2,2,0,0
2019-20,9,Uttar Pradesh,930,KANNAUJ,93001,KANNAUJ,Rural,10,HSS (IX-XII),5,Private Unaided (Recognized),3,3,3,0,3,1,3,3,1,0,3,2,2,3,0,3,3,3,3,3,3,3,3,3,3,3,3,1,2,2,3,3,3,2,2,0,2,2
2019-20,9,Uttar Pradesh,930,KANNAUJ,93001,KANNAUJ,Urban,1,PS (I-V),5,Private Unaided (Recognized),1,1,0,0,0,0,0,0,0,0,0,0,0,0,0,1,1,1,1,1,1,1,1,1,1,1,1,0,1,0,1,0,1,0,0,0,0,0
2019-20,9,Uttar Pradesh,930,KANNAUJ,93001,KANNAUJ,Urban,3,HSS (I-XII),5,Private Unaided (Recognized),2,2,2,0,2,2,2,2,1,0,2,2,2,2,1,2,2,2,2,2,2,2,1,2,2,2,2,2,0,2,2,1,2,2,2,1,2,2
2019-20,9,Uttar Pradesh,930,KANNAUJ,93001,KANNAUJ,Urban,5,HSS (VI-XII),4,Government Aided,1,1,1,0,1,1,1,1,1,0,1,1,0,1,0,1,1,0,0,1,1,1,0,1,1,1,1,0,0,1,1,0,1,1,1,1,0,0
2019-20,9,Uttar Pradesh,930,KANNAUJ,93002,UMARDA,Rural,1,PS (I-V),1,Department of Education,227,227,172,1,218,67,226,226,7,0,188,227,1,40,20,227,225,227,226,227,226,51,51,51,51,227,227,3,3,25,188,0,188,227,107,60,20,0
2019-20,9,Uttar Pradesh,930,KANNAUJ,93002,UMARDA,Rural,1,PS (I-V),5,Private Unaided (Recognized),36,36,30,0,27,24,35,35,3,0,28,14,1,18,0,36,36,36,35,36,36,17,17,17,17,36,36,5,7,4,35,0,35,27,8,2,8,9
2019-20,9,Uttar Pradesh,930,KANNAUJ,93002,UMARDA,Rural,1,PS (I-V),98,Madarsa unrecognized,3,3,3,0,2,3,3,3,1,0,3,1,1,2,0,3,3,3,3,3,3,1,1,1,1,3,3,0,0,0,3,0,3,3,1,0,0,0
2019-20,9,Uttar Pradesh,930,KANNAUJ,93002,UMARDA,Rural,2,UPS (I-VIII),1,Department of Education,34,34,25,0,32,8,34,34,0,0,24,34,0,3,0,34,34,34,34,34,34,3,4,4,4,34,34,0,2,0,34,1,34,34,13,6,0,1
2019-20,9,Uttar Pradesh,930,KANNAUJ,93002,UMARDA,Rural,2,UPS (I-VIII),5,Private Unaided (Recognized),9,9,9,0,9,9,9,9,0,0,9,3,1,7,0,9,9,9,9,9,9,3,3,3,3,9,9,0,2,0,9,2,9,8,2,1,3,2
2019-20,9,Uttar Pradesh,930,KANNAUJ,93002,UMARDA,Rural,2,UPS (I-VIII),98,Madarsa unrecognized,9,9,5,0,3,1,9,9,0,0,3,5,2,1,0,8,8,9,9,9,9,7,7,7,7,9,9,0,2,0,9,3,9,5,2,0,0,2
2019-20,9,Uttar Pradesh,930,KANNAUJ,93002,UMARDA,Rural,3,HSS (I-XII),98,Madarsa unrecognized,2,2,2,0,1,1,2,2,0,0,2,2,0,0,0,2,2,2,2,2,2,1,1,1,1,2,2,0,0,0,2,1,2,2,1,0,0,0
2019-20,9,Uttar Pradesh,930,KANNAUJ,93002,UMARDA,Rural,4,UPS (VI-VIII),1,Department of Education,63,63,42,0,62,19,63,63,1,0,47,61,1,6,2,63,63,63,63,63,63,12,12,12,12,63,63,0,3,5,59,10,59,63,33,15,8,1
2019-20,9,Uttar Pradesh,930,KANNAUJ,93002,UMARDA,Rural,4,UPS (VI-VIII),4,Government Aided,10,10,10,0,9,6,10,10,0,0,9,5,0,4,1,10,10,10,10,10,10,4,4,4,4,10,10,0,0,1,10,2,10,10,1,0,2,0
2019-20,9,Uttar Pradesh,930,KANNAUJ,93002,UMARDA,Rural,4,UPS (VI-VIII),5,Private Unaided (Recognized),28,28,25,0,19,17,27,27,5,0,20,9,0,14,5,28,28,28,28,28,28,11,12,12,12,28,28,4,7,6,27,5,27,25,6,2,7,3
2019-20,9,Uttar Pradesh,930,KANNAUJ,93002,UMARDA,Rural,5,HSS (VI-XII),1,Department of Education,1,1,1,0,1,1,1,1,0,0,1,1,0,1,1,1,1,1,1,1,1,1,1,1,1,1,1,1,1,1,1,1,1,0,1,1,0,0
2019-20,9,Uttar Pradesh,930,KANNAUJ,93002,UMARDA,Rural,5,HSS (VI-XII),4,Government Aided,10,10,10,0,10,10,10,10,6,0,10,7,6,10,2,9,9,10,10,10,10,9,10,10,10,10,10,0,0,5,10,5,10,10,9,3,4,6
2019-20,9,Uttar Pradesh,930,KANNAUJ,93002,UMARDA,Rural,5,HSS (VI-XII),5,Private Unaided (Recognized),29,29,29,0,24,25,29,29,3,0,27,22,13,27,0,29,28,29,28,29,28,28,28,28,27,29,29,6,10,8,28,10,27,21,14,3,7,7
2019-20,9,Uttar Pradesh,930,KANNAUJ,93002,UMARDA,Rural,6,SS (I-X),5,Private Unaided (Recognized),1,1,1,0,1,1,1,1,0,0,1,1,1,0,0,1,1,1,1,1,1,1,1,1,1,1,0,0,0,0,1,1,1,0,1,0,1,1
2019-20,9,Uttar Pradesh,930,KANNAUJ,93002,UMARDA,Rural,6,SS (I-X),98,Madarsa unrecognized,10,10,8,0,3,3,10,10,1,0,4,7,1,1,0,8,8,10,10,10,10,3,5,5,5,10,10,1,0,1,9,3,9,8,6,1,1,3
2019-20,9,Uttar Pradesh,930,KANNAUJ,93002,UMARDA,Rural,7,SS (VI-X),4,Government Aided,1,1,1,0,1,1,1,1,1,0,1,1,1,1,1,1,1,1,1,1,1,0,0,0,0,1,1,0,0,1,1,1,1,1,1,0,0,1
2019-20,9,Uttar Pradesh,930,KANNAUJ,93002,UMARDA,Rural,7,SS (VI-X),5,Private Unaided (Recognized),9,9,9,0,9,9,8,8,1,0,7,6,1,6,0,9,9,9,9,9,9,9,9,9,9,9,9,0,1,0,9,1,9,6,4,2,2,1
2019-20,9,Uttar Pradesh,930,KANNAUJ,93002,UMARDA,Rural,8,SS (IX-X),1,Department of Education,2,2,0,0,1,0,0,0,0,0,2,2,0,0,0,2,2,2,2,2,2,1,1,1,1,2,2,0,0,1,2,0,2,1,1,1,0,0
2019-20,9,Uttar Pradesh,930,KANNAUJ,93002,UMARDA,Rural,8,SS (IX-X),5,Private Unaided (Recognized),11,11,11,0,9,9,10,10,0,0,11,4,4,5,1,10,10,11,11,11,11,10,11,11,11,11,11,1,0,1,11,1,11,8,6,0,0,1
2019-20,9,Uttar Pradesh,930,KANNAUJ,93002,UMARDA,Rural,10,HSS (IX-XII),5,Private Unaided (Recognized),9,9,9,0,9,9,9,9,2,0,9,6,5,5,2,9,9,9,9,9,9,8,8,8,8,9,9,3,2,2,9,3,9,7,8,3,2,1
2019-20,9,Uttar Pradesh,930,KANNAUJ,93002,UMARDA,Urban,1,PS (I-V),1,Department of Education,1,1,1,0,0,0,1,1,0,0,1,1,0,0,0,1,1,1,0,1,1,0,0,0,0,1,1,0,0,0,1,0,1,1,0,0,0,0
2019-20,9,Uttar Pradesh,930,KANNAUJ,93002,UMARDA,Urban,1,PS (I-V),5,Private Unaided (Recognized),6,6,3,0,2,1,6,6,1,0,3,5,1,2,1,5,5,6,6,6,6,4,5,5,5,6,6,1,0,1,5,0,5,4,2,0,1,2
2019-20,9,Uttar Pradesh,930,KANNAUJ,93002,UMARDA,Urban,1,PS (I-V),98,Madarsa unrecognized,2,2,2,0,1,2,2,2,1,0,0,1,1,0,0,2,2,2,2,2,2,1,1,1,1,2,2,1,1,0,2,0,2,2,0,0,1,2
2019-20,9,Uttar Pradesh,930,KANNAUJ,93002,UMARDA,Urban,2,UPS (I-VIII),5,Private Unaided (Recognized),1,1,1,0,0,0,1,1,0,0,0,1,0,0,0,1,1,1,1,1,1,1,1,1,1,1,1,0,0,0,1,0,1,1,0,0,0,1
2019-20,9,Uttar Pradesh,930,KANNAUJ,93002,UMARDA,Urban,2,UPS (I-VIII),97,Madarsa recognized (by Wakf board/Madarsa Board) ,1,1,1,0,0,1,1,1,0,0,0,1,0,0,1,1,1,1,1,1,1,1,1,1,1,1,1,0,0,0,1,1,1,1,0,0,0,1
2019-20,9,Uttar Pradesh,930,KANNAUJ,93002,UMARDA,Urban,2,UPS (I-VIII),98,Madarsa unrecognized,3,3,2,0,1,1,2,2,0,0,0,1,0,0,0,3,3,3,3,3,3,2,2,2,2,3,3,0,1,0,3,2,3,0,0,0,0,1
2019-20,9,Uttar Pradesh,930,KANNAUJ,93002,UMARDA,Urban,3,HSS (I-XII),5,Private Unaided (Recognized),1,1,1,0,0,0,1,1,0,0,1,1,0,1,0,1,1,1,1,1,1,1,1,1,1,1,1,0,0,0,1,0,1,1,0,0,0,0
2019-20,9,Uttar Pradesh,930,KANNAUJ,93002,UMARDA,Urban,3,HSS (I-XII),97,Madarsa recognized (by Wakf board/Madarsa Board) ,2,2,2,0,2,2,2,2,0,0,2,2,1,2,0,2,2,2,2,2,2,2,2,2,2,2,2,0,0,0,2,1,2,2,2,0,2,2
2019-20,9,Uttar Pradesh,930,KANNAUJ,93002,UMARDA,Urban,3,HSS (I-XII),98,Madarsa unrecognized,2,2,2,0,1,2,2,2,0,0,0,1,0,0,0,2,2,2,2,2,2,1,1,1,1,2,2,0,1,0,2,1,2,2,0,0,1,1
2019-20,9,Uttar Pradesh,930,KANNAUJ,93002,UMARDA,Urban,4,UPS (VI-VIII),5,Private Unaided (Recognized),6,6,5,0,3,2,6,6,1,0,4,4,0,3,0,4,4,6,6,6,6,2,3,3,3,6,6,1,1,1,6,1,6,4,3,1,2,3
2019-20,9,Uttar Pradesh,930,KANNAUJ,93002,UMARDA,Urban,5,HSS (VI-XII),4,Government Aided,1,1,1,0,1,1,1,1,0,0,1,0,0,1,0,1,1,1,1,1,1,1,1,1,1,1,1,0,0,0,1,0,1,0,0,0,1,1
2019-20,9,Uttar Pradesh,930,KANNAUJ,93002,UMARDA,Urban,5,HSS (VI-XII),5,Private Unaided (Recognized),4,4,4,0,4,4,4,4,0,0,4,4,3,4,2,4,4,4,4,4,4,4,4,4,4,4,4,1,2,2,4,3,4,2,4,1,4,4
2019-20,9,Uttar Pradesh,930,KANNAUJ,93002,UMARDA,Urban,6,SS (I-X),98,Madarsa unrecognized,4,4,3,0,2,3,3,3,0,0,2,2,1,2,1,4,4,4,4,4,4,2,2,2,2,4,4,1,1,0,4,4,4,3,2,0,2,3
2019-20,9,Uttar Pradesh,930,KANNAUJ,93002,UMARDA,Urban,10,HSS (IX-XII),5,Private Unaided (Recognized),1,1,1,0,1,1,1,1,0,0,1,1,0,0,0,1,1,1,1,1,1,1,1,1,1,1,1,0,0,1,1,0,1,0,1,1,1,1
2019-20,9,Uttar Pradesh,930,KANNAUJ,93003,TAL GRAM,Rural,1,PS (I-V),1,Department of Education,123,123,109,0,122,16,70,76,12,0,112,123,0,12,69,123,120,123,119,123,120,27,25,27,27,123,121,2,14,21,84,0,81,122,79,77,5,0
2019-20,9,Uttar Pradesh,930,KANNAUJ,93003,TAL GRAM,Rural,1,PS (I-V),5,Private Unaided (Recognized),55,55,50,0,49,46,47,47,9,0,46,17,1,45,26,55,55,55,54,55,55,21,21,21,21,55,55,14,15,23,51,0,51,39,8,5,13,13
2019-20,9,Uttar Pradesh,930,KANNAUJ,93003,TAL GRAM,Rural,1,PS (I-V),98,Madarsa unrecognized,9,9,9,0,6,6,8,8,0,1,4,4,1,4,6,9,9,9,9,9,9,4,4,4,4,9,9,1,1,1,9,0,9,8,1,1,1,1
2019-20,9,Uttar Pradesh,930,KANNAUJ,93003,TAL GRAM,Rural,2,UPS (I-VIII),1,Department of Education,28,28,25,0,28,6,14,14,2,0,26,27,2,3,10,28,28,28,28,28,28,4,6,6,6,28,28,1,5,5,20,19,20,25,20,17,2,1
2019-20,9,Uttar Pradesh,930,KANNAUJ,93003,TAL GRAM,Rural,2,UPS (I-VIII),5,Private Unaided (Recognized),9,9,8,0,7,8,4,4,3,0,7,5,1,4,4,9,9,9,9,9,9,3,3,3,3,9,9,2,1,4,7,2,7,6,4,4,3,2
2019-20,9,Uttar Pradesh,930,KANNAUJ,93003,TAL GRAM,Rural,2,UPS (I-VIII),97,Madarsa recognized (by Wakf board/Madarsa Board) ,1,1,1,0,0,1,0,0,0,0,1,1,0,1,0,1,1,1,1,1,1,1,1,1,1,1,0,0,0,0,1,1,1,0,1,1,0,0
2019-20,9,Uttar Pradesh,930,KANNAUJ,93003,TAL GRAM,Rural,2,UPS (I-VIII),98,Madarsa unrecognized,12,12,3,0,2,2,4,4,1,1,2,3,0,1,2,11,11,12,11,12,12,4,4,5,5,12,12,1,0,3,8,4,8,0,3,1,3,6
2019-20,9,Uttar Pradesh,930,KANNAUJ,93003,TAL GRAM,Rural,3,HSS (I-XII),97,Madarsa recognized (by Wakf board/Madarsa Board) ,1,1,1,0,1,1,0,0,0,0,1,1,0,0,0,1,1,1,1,1,1,0,0,0,0,1,1,0,0,0,1,0,1,0,0,0,0,1
2019-20,9,Uttar Pradesh,930,KANNAUJ,93003,TAL GRAM,Rural,3,HSS (I-XII),98,Madarsa unrecognized,5,5,4,0,2,3,2,2,0,0,3,1,1,2,0,5,5,5,4,5,5,2,1,2,2,5,5,0,0,0,5,1,5,3,0,0,0,1
2019-20,9,Uttar Pradesh,930,KANNAUJ,93003,TAL GRAM,Rural,4,UPS (VI-VIII),1,Department of Education,35,35,26,0,35,7,18,20,2,0,31,35,3,4,17,32,32,34,34,35,35,8,9,11,11,35,35,3,6,9,26,13,26,31,26,22,2,0
2019-20,9,Uttar Pradesh,930,KANNAUJ,93003,TAL GRAM,Rural,4,UPS (VI-VIII),4,Government Aided,4,4,4,0,4,3,3,3,0,0,4,4,0,3,3,3,3,4,4,4,4,2,2,2,2,4,4,0,0,2,4,0,4,1,0,0,1,0
2019-20,9,Uttar Pradesh,930,KANNAUJ,93003,TAL GRAM,Rural,4,UPS (VI-VIII),5,Private Unaided (Recognized),27,27,25,0,26,19,25,25,5,0,23,8,0,21,9,27,27,27,27,27,27,10,10,10,10,27,27,9,13,16,25,8,25,15,0,0,6,7
2019-20,9,Uttar Pradesh,930,KANNAUJ,93003,TAL GRAM,Rural,4,UPS (VI-VIII),98,Madarsa unrecognized,1,1,1,0,1,1,1,1,1,1,1,0,0,0,0,1,1,1,1,1,1,0,0,0,0,1,1,0,0,0,1,0,1,1,0,0,1,1
2019-20,9,Uttar Pradesh,930,KANNAUJ,93003,TAL GRAM,Rural,5,HSS (VI-XII),1,Department of Education,1,1,0,0,1,1,1,1,0,0,1,1,0,0,0,1,1,1,1,1,1,1,1,1,1,1,0,0,0,0,1,0,1,1,1,1,0,0
2019-20,9,Uttar Pradesh,930,KANNAUJ,93003,TAL GRAM,Rural,5,HSS (VI-XII),4,Government Aided,6,6,6,0,6,5,6,6,3,0,6,6,3,6,2,6,6,5,5,6,6,6,5,6,6,6,6,0,1,1,6,1,6,4,6,4,3,6
2019-20,9,Uttar Pradesh,930,KANNAUJ,93003,TAL GRAM,Rural,5,HSS (VI-XII),5,Private Unaided (Recognized),12,12,12,0,10,10,11,11,3,0,11,8,3,11,3,12,12,12,12,12,12,10,10,10,10,12,12,5,4,5,12,3,12,6,3,2,2,3
2019-20,9,Uttar Pradesh,930,KANNAUJ,93003,TAL GRAM,Rural,6,SS (I-X),98,Madarsa unrecognized,14,14,13,0,11,11,8,8,2,0,10,6,3,7,2,12,12,14,14,14,14,6,7,8,8,14,13,1,2,2,13,3,13,11,7,1,3,7
2019-20,9,Uttar Pradesh,930,KANNAUJ,93003,TAL GRAM,Rural,7,SS (VI-X),4,Government Aided,1,1,1,0,1,1,1,1,0,0,1,0,0,1,1,1,1,1,1,1,1,1,1,1,1,1,1,0,0,1,1,0,1,1,1,1,0,0
2019-20,9,Uttar Pradesh,930,KANNAUJ,93003,TAL GRAM,Rural,7,SS (VI-X),5,Private Unaided (Recognized),8,8,8,0,6,6,8,8,3,0,6,6,2,5,1,8,8,8,8,8,8,7,7,7,7,8,7,2,0,5,8,1,8,5,5,4,3,2
2019-20,9,Uttar Pradesh,930,KANNAUJ,93003,TAL GRAM,Rural,8,SS (IX-X),1,Department of Education,1,1,0,0,1,1,1,1,0,0,1,1,0,1,0,1,1,1,1,1,1,1,1,1,1,1,1,0,1,0,1,0,1,1,1,1,0,0
2019-20,9,Uttar Pradesh,930,KANNAUJ,93003,TAL GRAM,Rural,8,SS (IX-X),5,Private Unaided (Recognized),5,5,5,0,5,4,5,5,0,0,5,3,2,4,1,5,5,5,5,5,5,5,5,5,5,5,5,1,1,0,4,0,4,2,0,0,1,0
2019-20,9,Uttar Pradesh,930,KANNAUJ,93003,TAL GRAM,Rural,10,HSS (IX-XII),4,Government Aided,1,1,1,0,0,1,0,0,0,0,1,1,0,0,0,1,1,1,1,1,1,1,1,1,1,1,1,0,0,0,1,0,1,0,0,0,0,0
2019-20,9,Uttar Pradesh,930,KANNAUJ,93003,TAL GRAM,Rural,10,HSS (IX-XII),5,Private Unaided (Recognized),6,6,6,0,6,5,6,6,2,0,5,3,2,5,2,6,6,5,5,6,6,5,4,5,5,6,6,3,1,3,6,2,6,3,4,2,0,0
2019-20,9,Uttar Pradesh,930,KANNAUJ,93003,TAL GRAM,Urban,1,PS (I-V),1,Department of Education,1,1,1,0,1,0,0,0,0,0,1,1,0,0,1,1,1,1,1,1,1,0,0,0,0,1,1,0,1,1,1,0,1,1,1,1,0,0
2019-20,9,Uttar Pradesh,930,KANNAUJ,93003,TAL GRAM,Urban,1,PS (I-V),5,Private Unaided (Recognized),13,13,13,0,10,8,8,8,2,0,8,6,3,7,5,13,13,13,13,13,13,6,5,6,6,13,12,2,3,4,12,0,12,9,4,2,3,6
2019-20,9,Uttar Pradesh,930,KANNAUJ,93003,TAL GRAM,Urban,1,PS (I-V),98,Madarsa unrecognized,18,18,17,0,17,17,13,13,4,2,13,9,3,13,8,18,18,17,16,18,18,7,8,8,8,18,18,4,3,4,18,0,18,17,2,1,6,3
2019-20,9,Uttar Pradesh,930,KANNAUJ,93003,TAL GRAM,Urban,2,UPS (I-VIII),5,Private Unaided (Recognized),5,5,5,0,4,2,4,4,3,1,5,1,0,4,4,5,5,5,5,5,5,4,4,4,4,5,5,2,3,3,5,2,5,4,0,0,3,2
2019-20,9,Uttar Pradesh,930,KANNAUJ,93003,TAL GRAM,Urban,2,UPS (I-VIII),98,Madarsa unrecognized,5,5,3,0,3,2,4,4,1,1,2,3,2,3,3,3,3,5,5,5,5,1,1,1,1,5,5,0,0,2,5,2,5,3,1,0,0,2
2019-20,9,Uttar Pradesh,930,KANNAUJ,93003,TAL GRAM,Urban,3,HSS (I-XII),98,Madarsa unrecognized,5,5,4,0,5,3,4,5,1,0,5,3,1,4,0,5,5,5,5,5,5,1,1,1,1,5,5,0,1,0,5,2,5,5,0,0,1,1
2019-20,9,Uttar Pradesh,930,KANNAUJ,93003,TAL GRAM,Urban,4,UPS (VI-VIII),4,Government Aided,1,1,1,0,1,1,0,0,0,0,1,1,0,1,0,1,1,0,0,1,1,0,0,0,0,1,1,0,0,0,1,0,1,0,0,0,0,0
2019-20,9,Uttar Pradesh,930,KANNAUJ,93003,TAL GRAM,Urban,4,UPS (VI-VIII),5,Private Unaided (Recognized),2,2,2,0,2,1,2,2,0,0,2,1,0,2,1,2,2,2,2,2,2,1,1,1,1,2,2,1,1,1,2,1,2,2,1,1,2,1
2019-20,9,Uttar Pradesh,930,KANNAUJ,93003,TAL GRAM,Urban,5,HSS (VI-XII),4,Government Aided,1,1,1,0,1,1,1,1,0,0,1,0,0,1,1,0,0,1,1,1,1,0,1,1,1,1,1,0,0,0,1,0,1,1,1,1,0,1
2019-20,9,Uttar Pradesh,930,KANNAUJ,93003,TAL GRAM,Urban,5,HSS (VI-XII),5,Private Unaided (Recognized),3,3,3,0,3,2,3,3,2,0,3,2,1,3,0,3,3,3,3,3,3,3,3,3,3,3,3,1,1,1,3,2,3,2,2,1,3,3
2019-20,9,Uttar Pradesh,930,KANNAUJ,93003,TAL GRAM,Urban,6,SS (I-X),98,Madarsa unrecognized,13,13,13,0,12,12,11,11,1,0,10,7,0,8,7,12,12,13,12,13,13,8,8,8,8,13,13,5,2,4,12,4,12,11,1,0,3,2
2019-20,9,Uttar Pradesh,930,KANNAUJ,93003,TAL GRAM,Urban,7,SS (VI-X),5,Private Unaided (Recognized),2,2,2,0,2,2,2,2,1,0,2,2,1,2,0,2,2,2,2,2,2,2,2,2,2,2,2,1,0,1,2,0,2,2,1,1,0,1
2019-20,9,Uttar Pradesh,930,KANNAUJ,93003,TAL GRAM,Urban,10,HSS (IX-XII),5,Private Unaided (Recognized),3,3,3,0,3,2,3,3,1,0,2,2,1,2,0,2,2,3,3,3,3,2,3,3,3,3,3,1,2,1,3,1,3,3,0,0,2,1
2019-20,9,Uttar Pradesh,930,KANNAUJ,93004,CHHIBRAMAU,Rural,1,PS (I-V),1,Department of Education,144,144,95,0,132,32,83,99,6,0,109,144,0,5,10,144,144,144,143,144,144,18,20,20,20,144,144,3,1,7,116,0,116,139,75,33,1,1
2019-20,9,Uttar Pradesh,930,KANNAUJ,93004,CHHIBRAMAU,Rural,1,PS (I-V),5,Private Unaided (Recognized),58,58,46,0,33,25,21,21,0,1,28,21,3,17,0,58,58,58,58,58,58,26,25,26,26,58,58,1,1,1,28,0,28,41,6,2,3,2
2019-20,9,Uttar Pradesh,930,KANNAUJ,93004,CHHIBRAMAU,Rural,1,PS (I-V),98,Madarsa unrecognized,6,6,3,0,1,1,5,5,0,0,2,4,0,2,0,6,6,6,6,6,6,2,2,2,2,6,6,0,0,0,3,0,3,0,0,0,0,0
2019-20,9,Uttar Pradesh,930,KANNAUJ,93004,CHHIBRAMAU,Rural,2,UPS (I-VIII),1,Department of Education,35,35,23,0,35,6,19,25,2,0,28,35,0,2,1,34,34,34,34,35,35,6,6,6,6,35,35,2,0,0,26,8,26,34,21,7,1,6
2019-20,9,Uttar Pradesh,930,KANNAUJ,93004,CHHIBRAMAU,Rural,2,UPS (I-VIII),4,Government Aided,1,1,1,0,1,1,1,1,0,0,1,0,0,1,0,1,1,1,1,1,1,0,0,0,0,1,1,0,0,0,1,0,1,1,0,0,0,0
2019-20,9,Uttar Pradesh,930,KANNAUJ,93004,CHHIBRAMAU,Rural,2,UPS (I-VIII),5,Private Unaided (Recognized),6,6,4,0,4,4,1,1,0,0,1,3,1,1,1,5,5,6,6,6,6,1,1,1,1,6,6,1,0,2,2,1,2,4,1,0,1,1
2019-20,9,Uttar Pradesh,930,KANNAUJ,93004,CHHIBRAMAU,Rural,2,UPS (I-VIII),98,Madarsa unrecognized,5,5,1,0,0,1,0,0,0,0,2,3,0,0,1,4,4,5,5,5,5,2,3,3,3,5,5,0,1,0,1,0,1,0,1,1,2,1
2019-20,9,Uttar Pradesh,930,KANNAUJ,93004,CHHIBRAMAU,Rural,3,HSS (I-XII),97,Madarsa recognized (by Wakf board/Madarsa Board) ,1,1,1,0,1,1,0,0,0,0,1,1,1,1,0,1,1,1,1,1,1,0,0,0,0,1,1,0,0,0,1,1,1,0,0,0,1,1
2019-20,9,Uttar Pradesh,930,KANNAUJ,93004,CHHIBRAMAU,Rural,4,UPS (VI-VIII),1,Department of Education,42,42,21,0,42,12,22,28,0,0,37,42,0,1,3,41,41,42,42,42,42,8,8,8,8,42,42,3,1,1,23,8,23,41,24,7,0,3
2019-20,9,Uttar Pradesh,930,KANNAUJ,93004,CHHIBRAMAU,Rural,4,UPS (VI-VIII),4,Government Aided,6,6,6,0,4,2,5,5,0,0,5,4,0,2,0,4,4,6,6,6,6,0,2,2,2,6,6,0,0,0,3,0,3,4,0,0,0,0
2019-20,9,Uttar Pradesh,930,KANNAUJ,93004,CHHIBRAMAU,Rural,4,UPS (VI-VIII),5,Private Unaided (Recognized),38,38,35,0,20,15,13,14,1,0,20,11,4,11,1,36,36,38,38,38,38,15,13,15,15,38,38,0,2,2,15,0,15,27,11,0,1,0
2019-20,9,Uttar Pradesh,930,KANNAUJ,93004,CHHIBRAMAU,Rural,5,HSS (VI-XII),4,Government Aided,7,7,7,0,6,6,7,7,3,0,7,6,3,6,3,6,6,7,7,7,7,6,7,7,7,7,7,2,3,2,7,1,7,7,7,5,3,6
2019-20,9,Uttar Pradesh,930,KANNAUJ,93004,CHHIBRAMAU,Rural,5,HSS (VI-XII),5,Private Unaided (Recognized),17,17,17,0,15,14,16,16,2,0,11,8,6,9,3,16,16,17,17,17,17,14,15,16,16,17,17,1,6,0,17,3,17,11,4,2,5,4
2019-20,9,Uttar Pradesh,930,KANNAUJ,93004,CHHIBRAMAU,Rural,6,SS (I-X),5,Private Unaided (Recognized),1,1,1,0,1,1,1,1,0,0,1,1,1,1,0,1,1,1,1,1,1,1,1,1,1,1,1,0,1,0,1,0,1,1,0,0,1,0
2019-20,9,Uttar Pradesh,930,KANNAUJ,93004,CHHIBRAMAU,Rural,6,SS (I-X),97,Madarsa recognized (by Wakf board/Madarsa Board) ,1,1,1,0,1,1,1,1,0,0,1,1,1,1,0,1,1,1,1,1,1,0,0,0,0,1,1,0,0,0,1,0,1,1,0,0,0,0
2019-20,9,Uttar Pradesh,930,KANNAUJ,93004,CHHIBRAMAU,Rural,6,SS (I-X),98,Madarsa unrecognized,1,1,1,0,1,1,1,1,0,0,1,0,0,1,0,1,1,1,1,1,1,0,0,0,0,1,1,0,0,0,1,0,1,1,0,0,0,0
2019-20,9,Uttar Pradesh,930,KANNAUJ,93004,CHHIBRAMAU,Rural,7,SS (VI-X),4,Government Aided,1,1,1,0,1,1,1,1,0,0,1,1,1,1,0,0,0,1,1,1,1,0,0,0,0,1,1,0,0,0,1,1,1,1,1,0,0,0
2019-20,9,Uttar Pradesh,930,KANNAUJ,93004,CHHIBRAMAU,Rural,7,SS (VI-X),5,Private Unaided (Recognized),9,9,9,0,9,8,6,6,3,0,8,4,1,6,1,9,9,9,9,9,9,8,8,8,8,9,9,1,2,4,9,1,9,6,3,2,1,1
2019-20,9,Uttar Pradesh,930,KANNAUJ,93004,CHHIBRAMAU,Rural,8,SS (IX-X),1,Department of Education,2,2,0,0,1,1,0,0,0,0,2,2,1,1,0,2,2,2,2,2,2,2,2,2,2,2,2,0,1,1,2,1,2,2,1,1,0,0
2019-20,9,Uttar Pradesh,930,KANNAUJ,93004,CHHIBRAMAU,Rural,8,SS (IX-X),5,Private Unaided (Recognized),8,8,8,0,8,8,7,7,1,0,6,5,3,6,0,7,7,8,8,8,8,3,3,3,3,8,8,0,1,0,8,3,8,6,1,0,3,2
2019-20,9,Uttar Pradesh,930,KANNAUJ,93004,CHHIBRAMAU,Rural,10,HSS (IX-XII),1,Department of Education,1,1,1,0,1,1,1,1,0,0,1,1,0,1,0,0,0,1,1,1,1,0,1,1,1,1,1,1,0,1,1,0,1,1,1,1,0,0
2019-20,9,Uttar Pradesh,930,KANNAUJ,93004,CHHIBRAMAU,Rural,10,HSS (IX-XII),5,Private Unaided (Recognized),9,9,9,0,9,9,9,9,0,0,8,9,8,8,0,8,8,9,9,9,9,5,6,6,6,9,9,0,2,3,9,3,9,8,5,0,2,3
2019-20,9,Uttar Pradesh,930,KANNAUJ,93004,CHHIBRAMAU,Urban,1,PS (I-V),1,Department of Education,4,4,2,0,4,0,1,1,0,0,2,4,0,0,1,3,3,2,2,3,3,0,0,0,0,4,4,0,0,0,3,0,2,4,1,0,0,0
2019-20,9,Uttar Pradesh,930,KANNAUJ,93004,CHHIBRAMAU,Urban,1,PS (I-V),5,Private Unaided (Recognized),14,14,5,0,2,2,3,4,1,0,3,2,2,1,0,14,14,14,14,14,14,8,8,8,8,14,14,0,1,0,5,0,5,1,0,0,2,0
2019-20,9,Uttar Pradesh,930,KANNAUJ,93004,CHHIBRAMAU,Urban,1,PS (I-V),98,Madarsa unrecognized,2,2,2,0,1,1,0,0,0,0,0,0,0,1,0,2,2,2,2,2,2,0,0,0,0,2,2,0,0,0,0,0,0,1,0,0,0,0
2019-20,9,Uttar Pradesh,930,KANNAUJ,93004,CHHIBRAMAU,Urban,2,UPS (I-VIII),1,Department of Education,5,5,4,0,5,0,3,3,0,0,1,5,0,0,0,5,5,5,5,5,5,0,0,0,0,5,5,0,0,0,2,1,2,5,4,1,0,1
2019-20,9,Uttar Pradesh,930,KANNAUJ,93004,CHHIBRAMAU,Urban,2,UPS (I-VIII),5,Private Unaided (Recognized),3,3,0,0,0,0,0,0,0,0,0,0,0,0,0,3,3,3,3,3,3,2,2,2,2,3,3,0,0,0,1,1,1,0,0,0,0,0
2019-20,9,Uttar Pradesh,930,KANNAUJ,93004,CHHIBRAMAU,Urban,2,UPS (I-VIII),98,Madarsa unrecognized,15,15,5,0,5,5,2,2,0,0,4,4,1,5,0,12,12,15,15,15,15,4,4,4,4,15,15,0,1,0,6,2,6,4,0,0,1,0
2019-20,9,Uttar Pradesh,930,KANNAUJ,93004,CHHIBRAMAU,Urban,3,HSS (I-XII),5,Private Unaided (Recognized),4,4,1,0,1,1,1,1,0,0,1,2,1,1,1,4,4,4,4,4,4,2,2,2,2,4,4,1,2,2,2,2,2,1,1,0,1,1
2019-20,9,Uttar Pradesh,930,KANNAUJ,93004,CHHIBRAMAU,Urban,3,HSS (I-XII),97,Madarsa recognized (by Wakf board/Madarsa Board) ,1,1,1,0,1,1,1,1,0,0,1,1,1,1,0,1,1,1,1,1,1,0,0,0,0,1,1,0,0,0,1,0,1,1,0,0,1,0
2019-20,9,Uttar Pradesh,930,KANNAUJ,93004,CHHIBRAMAU,Urban,3,HSS (I-XII),98,Madarsa unrecognized,3,3,1,0,0,0,0,0,0,0,0,0,0,1,0,3,3,3,3,3,3,0,0,0,0,3,3,0,0,0,1,0,1,1,0,0,0,0
2019-20,9,Uttar Pradesh,930,KANNAUJ,93004,CHHIBRAMAU,Urban,4,UPS (VI-VIII),1,Department of Education,2,2,0,0,2,0,1,1,0,0,1,2,0,0,0,2,2,2,2,2,2,0,0,0,0,2,2,0,0,0,2,2,2,2,2,0,0,0
2019-20,9,Uttar Pradesh,930,KANNAUJ,93004,CHHIBRAMAU,Urban,4,UPS (VI-VIII),4,Government Aided,1,1,1,0,1,1,0,0,0,0,1,0,0,0,0,1,1,1,1,1,1,0,0,0,0,1,1,0,0,0,0,0,0,0,0,0,0,0
2019-20,9,Uttar Pradesh,930,KANNAUJ,93004,CHHIBRAMAU,Urban,4,UPS (VI-VIII),5,Private Unaided (Recognized),11,11,10,0,3,2,2,2,1,0,2,2,0,1,0,10,10,11,11,11,11,3,3,3,3,11,11,0,1,0,2,0,2,0,0,0,0,1
2019-20,9,Uttar Pradesh,930,KANNAUJ,93004,CHHIBRAMAU,Urban,4,UPS (VI-VIII),98,Madarsa unrecognized,2,2,2,0,2,2,1,1,0,0,2,1,0,2,0,2,2,2,2,2,2,0,0,0,0,2,2,0,1,0,1,0,1,1,0,0,0,0
2019-20,9,Uttar Pradesh,930,KANNAUJ,93004,CHHIBRAMAU,Urban,5,HSS (VI-XII),4,Government Aided,3,3,2,0,3,3,3,3,0,0,3,2,1,2,3,3,3,3,3,3,3,3,3,3,3,3,3,1,1,1,3,0,3,3,3,1,2,3
2019-20,9,Uttar Pradesh,930,KANNAUJ,93004,CHHIBRAMAU,Urban,5,HSS (VI-XII),5,Private Unaided (Recognized),8,8,8,0,8,6,7,7,1,0,8,7,2,7,3,8,8,8,8,8,8,5,5,5,5,8,8,3,4,3,8,4,8,7,5,1,7,6
2019-20,9,Uttar Pradesh,930,KANNAUJ,93004,CHHIBRAMAU,Urban,6,SS (I-X),5,Private Unaided (Recognized),1,1,1,0,1,0,1,1,1,0,1,1,1,1,0,1,1,1,1,1,1,0,0,0,0,1,1,1,0,1,1,1,1,1,1,0,1,1
2019-20,9,Uttar Pradesh,930,KANNAUJ,93004,CHHIBRAMAU,Urban,6,SS (I-X),98,Madarsa unrecognized,1,1,1,0,1,1,1,1,0,0,1,0,0,1,0,1,1,1,1,1,1,1,1,1,1,1,1,1,0,0,1,0,1,1,0,0,0,0
2019-20,9,Uttar Pradesh,930,KANNAUJ,93004,CHHIBRAMAU,Urban,7,SS (VI-X),5,Private Unaided (Recognized),1,1,1,0,1,1,1,1,1,0,1,1,1,1,0,1,1,1,1,1,1,0,0,0,0,1,1,0,0,0,1,1,1,0,0,0,1,0
2019-20,9,Uttar Pradesh,930,KANNAUJ,93004,CHHIBRAMAU,Urban,8,SS (IX-X),5,Private Unaided (Recognized),2,2,2,0,2,2,2,2,0,0,2,2,1,2,0,2,2,2,2,2,2,2,2,2,2,2,2,2,1,2,2,2,2,2,1,0,1,1
2019-20,9,Uttar Pradesh,930,KANNAUJ,93005,SAURIKH,Rural,1,PS (I-V),1,Department of Education,128,128,103,1,124,36,70,80,4,0,93,128,2,9,5,128,128,128,128,128,128,8,7,8,8,128,128,3,3,24,126,0,126,127,108,82,1,0
2019-20,9,Uttar Pradesh,930,KANNAUJ,93005,SAURIKH,Rural,1,PS (I-V),5,Private Unaided (Recognized),10,10,10,0,5,4,4,4,2,0,4,7,1,4,2,10,10,10,10,10,10,1,1,1,1,10,10,1,3,2,10,0,10,6,8,7,2,2
2019-20,9,Uttar Pradesh,930,KANNAUJ,93005,SAURIKH,Rural,1,PS (I-V),98,Madarsa unrecognized,8,8,6,0,6,7,2,2,0,1,3,0,0,1,0,7,7,8,8,8,8,2,2,2,2,8,8,0,1,0,8,0,8,4,1,1,0,0
2019-20,9,Uttar Pradesh,930,KANNAUJ,93005,SAURIKH,Rural,2,UPS (I-VIII),1,Department of Education,22,22,16,0,18,6,10,13,1,0,18,22,0,1,1,22,22,21,20,22,22,4,4,4,4,22,22,1,2,2,22,1,22,22,19,15,2,0
2019-20,9,Uttar Pradesh,930,KANNAUJ,93005,SAURIKH,Rural,2,UPS (I-VIII),5,Private Unaided (Recognized),2,2,2,0,2,2,1,1,0,0,2,1,1,0,0,2,2,2,2,2,2,0,0,0,0,2,2,0,0,0,2,0,2,1,2,2,1,0
2019-20,9,Uttar Pradesh,930,KANNAUJ,93005,SAURIKH,Rural,3,HSS (I-XII),5,Private Unaided (Recognized),1,1,1,0,1,0,1,1,1,0,1,1,1,1,0,1,1,1,1,1,1,0,0,0,0,1,1,0,1,0,1,1,1,0,1,1,1,1
2019-20,9,Uttar Pradesh,930,KANNAUJ,93005,SAURIKH,Rural,3,HSS (I-XII),97,Madarsa recognized (by Wakf board/Madarsa Board) ,1,1,1,0,1,1,1,1,0,0,1,1,1,1,1,1,1,1,1,1,1,1,1,1,1,1,1,0,0,0,1,1,1,1,1,0,0,0
2019-20,9,Uttar Pradesh,930,KANNAUJ,93005,SAURIKH,Rural,3,HSS (I-XII),98,Madarsa unrecognized,4,4,4,0,4,3,0,0,0,0,3,4,4,1,0,4,4,4,4,4,4,0,0,0,0,4,4,0,0,0,4,0,4,0,0,0,0,1
2019-20,9,Uttar Pradesh,930,KANNAUJ,93005,SAURIKH,Rural,4,UPS (VI-VIII),1,Department of Education,29,29,17,0,27,6,11,13,0,0,21,29,0,0,2,29,29,29,29,29,29,4,4,4,4,29,29,2,3,4,28,7,28,27,23,22,1,0
2019-20,9,Uttar Pradesh,930,KANNAUJ,93005,SAURIKH,Rural,4,UPS (VI-VIII),4,Government Aided,8,8,7,0,7,5,4,4,0,0,7,6,0,4,0,7,7,8,8,8,8,1,1,1,1,8,8,0,0,0,7,0,7,6,8,8,1,0
2019-20,9,Uttar Pradesh,930,KANNAUJ,93005,SAURIKH,Rural,4,UPS (VI-VIII),5,Private Unaided (Recognized),9,9,9,0,7,7,3,3,2,0,6,7,2,5,1,9,9,8,8,9,9,1,1,1,1,9,9,1,2,1,9,1,9,4,8,6,2,2
2019-20,9,Uttar Pradesh,930,KANNAUJ,93005,SAURIKH,Rural,5,HSS (VI-XII),4,Government Aided,8,8,8,0,8,8,7,7,3,0,8,6,4,8,3,8,8,8,8,8,8,6,6,6,6,8,8,3,3,4,6,3,6,8,5,1,3,5
2019-20,9,Uttar Pradesh,930,KANNAUJ,93005,SAURIKH,Rural,5,HSS (VI-XII),5,Private Unaided (Recognized),14,14,14,0,14,14,13,13,3,0,12,9,8,9,0,14,14,14,14,14,14,11,11,11,11,14,14,0,5,3,14,4,14,9,4,1,7,7
2019-20,9,Uttar Pradesh,930,KANNAUJ,93005,SAURIKH,Rural,6,SS (I-X),98,Madarsa unrecognized,7,7,6,0,7,7,4,4,0,0,4,6,2,2,0,5,5,7,7,7,7,0,0,0,0,7,7,0,1,0,6,2,6,3,4,3,1,1
2019-20,9,Uttar Pradesh,930,KANNAUJ,93005,SAURIKH,Rural,7,SS (VI-X),4,Government Aided,1,1,1,0,1,1,0,0,0,0,1,0,0,0,0,1,1,1,1,1,1,1,1,1,1,1,1,0,0,0,1,0,1,1,0,0,0,0
2019-20,9,Uttar Pradesh,930,KANNAUJ,93005,SAURIKH,Rural,7,SS (VI-X),5,Private Unaided (Recognized),14,14,13,0,12,11,10,12,3,0,10,9,6,9,1,13,13,14,14,14,14,8,9,9,9,14,14,3,3,1,13,3,13,7,5,5,2,1
2019-20,9,Uttar Pradesh,930,KANNAUJ,93005,SAURIKH,Rural,8,SS (IX-X),1,Department of Education,2,2,2,0,2,0,1,1,0,0,2,2,0,0,1,2,2,2,2,2,2,2,1,2,2,2,2,0,0,0,2,0,2,2,2,2,0,1
2019-20,9,Uttar Pradesh,930,KANNAUJ,93005,SAURIKH,Rural,8,SS (IX-X),5,Private Unaided (Recognized),2,2,2,0,2,2,0,0,0,0,2,2,1,2,0,2,2,2,2,2,2,2,2,2,2,2,2,1,1,0,2,1,2,1,0,0,0,0
2019-20,9,Uttar Pradesh,930,KANNAUJ,93005,SAURIKH,Rural,10,HSS (IX-XII),5,Private Unaided (Recognized),17,17,17,0,17,15,15,16,4,0,16,15,12,14,4,13,13,16,16,16,16,14,16,17,16,17,17,5,9,6,16,6,15,12,14,6,8,7
2019-20,9,Uttar Pradesh,930,KANNAUJ,93005,SAURIKH,Urban,1,PS (I-V),1,Department of Education,2,2,2,0,1,0,0,1,0,0,1,2,0,0,0,2,2,2,2,2,2,0,0,0,0,2,2,1,1,0,2,0,2,2,2,1,1,0
2019-20,9,Uttar Pradesh,930,KANNAUJ,93005,SAURIKH,Urban,1,PS (I-V),5,Private Unaided (Recognized),2,2,0,0,1,0,1,1,0,0,0,2,0,0,0,2,2,2,2,2,2,0,0,0,0,2,2,1,1,0,2,0,2,1,1,1,0,0
2019-20,9,Uttar Pradesh,930,KANNAUJ,93005,SAURIKH,Urban,1,PS (I-V),98,Madarsa unrecognized,4,4,3,0,4,4,0,0,0,0,0,1,0,0,0,4,4,4,4,4,4,0,0,0,0,4,4,0,0,0,2,0,2,4,0,0,0,0
2019-20,9,Uttar Pradesh,930,KANNAUJ,93005,SAURIKH,Urban,2,UPS (I-VIII),98,Madarsa unrecognized,1,1,1,0,1,1,0,0,0,0,0,1,1,0,0,1,1,1,1,1,1,0,0,0,0,1,1,0,0,0,1,0,1,0,0,0,0,0
2019-20,9,Uttar Pradesh,930,KANNAUJ,93005,SAURIKH,Urban,3,HSS (I-XII),97,Madarsa recognized (by Wakf board/Madarsa Board) ,1,1,1,0,1,1,0,0,0,0,1,1,0,0,0,1,1,1,1,1,1,0,0,0,0,1,1,0,0,0,1,0,1,0,1,1,0,1
2019-20,9,Uttar Pradesh,930,KANNAUJ,93005,SAURIKH,Urban,3,HSS (I-XII),98,Madarsa unrecognized,2,2,2,0,2,2,2,2,0,0,1,1,0,0,1,2,2,2,2,2,2,2,2,2,2,2,2,0,0,0,2,1,2,2,1,0,0,0
2019-20,9,Uttar Pradesh,930,KANNAUJ,93005,SAURIKH,Urban,4,UPS (VI-VIII),4,Government Aided,1,1,1,0,1,1,1,1,1,0,1,1,0,0,0,1,1,1,1,1,1,0,0,0,0,1,1,0,0,1,1,1,1,1,1,0,0,0
2019-20,9,Uttar Pradesh,930,KANNAUJ,93005,SAURIKH,Urban,4,UPS (VI-VIII),5,Private Unaided (Recognized),5,5,1,0,2,2,3,3,0,0,1,3,1,1,0,5,5,5,5,5,5,0,0,0,0,5,5,2,2,0,4,2,4,2,3,3,1,2
2019-20,9,Uttar Pradesh,930,KANNAUJ,93005,SAURIKH,Urban,5,HSS (VI-XII),5,Private Unaided (Recognized),2,2,2,0,2,2,2,2,0,0,1,1,2,2,1,2,2,2,2,2,2,2,2,2,2,2,2,0,1,1,2,2,2,1,2,1,2,2
2019-20,9,Uttar Pradesh,930,KANNAUJ,93005,SAURIKH,Urban,6,SS (I-X),5,Private Unaided (Recognized),1,1,1,0,1,1,0,0,0,0,1,1,0,0,0,1,1,1,1,1,1,1,1,1,1,1,1,0,0,0,1,0,1,1,1,1,0,0
2019-20,9,Uttar Pradesh,930,KANNAUJ,93005,SAURIKH,Urban,6,SS (I-X),98,Madarsa unrecognized,3,3,3,0,2,3,2,2,1,0,3,3,2,1,0,3,3,3,3,3,3,1,1,1,1,3,3,0,1,0,2,0,2,0,1,1,1,1
2019-20,9,Uttar Pradesh,930,KANNAUJ,93005,SAURIKH,Urban,7,SS (VI-X),5,Private Unaided (Recognized),2,2,2,0,2,2,2,2,0,0,2,0,0,0,0,2,2,2,2,2,2,1,1,1,1,2,2,0,0,0,2,1,2,1,0,0,0,0
2019-20,9,Uttar Pradesh,930,KANNAUJ,93006,HASERAN,Rural,1,PS (I-V),1,Department of Education,111,111,78,0,104,20,101,102,4,0,92,111,10,6,14,110,110,111,110,111,111,83,84,84,84,111,111,1,2,15,110,0,110,104,106,92,1,0
2019-20,9,Uttar Pradesh,930,KANNAUJ,93006,HASERAN,Rural,1,PS (I-V),5,Private Unaided (Recognized),40,40,34,0,37,21,38,38,3,0,33,28,4,19,2,40,40,40,40,40,40,38,38,38,38,40,40,5,5,12,38,0,38,29,20,16,8,4
2019-20,9,Uttar Pradesh,930,KANNAUJ,93006,HASERAN,Rural,1,PS (I-V),98,Madarsa unrecognized,1,1,1,0,1,1,1,1,0,0,1,1,0,1,0,1,1,1,1,1,1,1,1,1,1,1,1,0,0,1,1,0,1,0,0,0,0,0
2019-20,9,Uttar Pradesh,930,KANNAUJ,93006,HASERAN,Rural,2,UPS (I-VIII),1,Department of Education,24,24,18,0,24,3,22,23,1,1,18,24,1,1,1,24,24,24,24,24,24,19,19,19,19,24,24,0,0,3,24,8,24,23,22,21,0,4
2019-20,9,Uttar Pradesh,930,KANNAUJ,93006,HASERAN,Rural,2,UPS (I-VIII),5,Private Unaided (Recognized),3,3,2,0,2,1,3,3,0,0,2,3,1,2,0,3,3,3,3,3,3,3,3,3,3,3,3,0,0,1,3,0,3,1,1,1,0,0
2019-20,9,Uttar Pradesh,930,KANNAUJ,93006,HASERAN,Rural,4,UPS (VI-VIII),1,Department of Education,24,24,19,0,24,3,22,22,0,0,22,24,0,1,2,23,23,23,23,24,24,21,21,22,22,24,24,0,3,4,24,6,24,23,23,17,0,1
2019-20,9,Uttar Pradesh,930,KANNAUJ,93006,HASERAN,Rural,4,UPS (VI-VIII),4,Government Aided,4,4,3,0,4,2,2,2,0,0,4,4,0,2,0,3,3,4,4,4,4,3,4,4,4,4,4,0,0,1,4,1,4,3,4,4,0,1
2019-20,9,Uttar Pradesh,930,KANNAUJ,93006,HASERAN,Rural,4,UPS (VI-VIII),5,Private Unaided (Recognized),31,31,28,0,26,16,31,31,0,0,26,22,1,13,0,29,29,31,31,31,31,29,31,31,31,31,31,5,2,8,26,2,26,25,15,9,7,4
2019-20,9,Uttar Pradesh,930,KANNAUJ,93006,HASERAN,Rural,5,HSS (VI-XII),4,Government Aided,4,3,4,0,4,4,4,4,0,0,4,3,2,2,1,4,4,4,4,4,4,4,4,4,4,4,4,0,0,3,4,0,4,3,4,2,1,2
2019-20,9,Uttar Pradesh,930,KANNAUJ,93006,HASERAN,Rural,5,HSS (VI-XII),5,Private Unaided (Recognized),3,3,3,0,3,2,3,3,1,0,3,3,2,2,0,3,3,3,3,3,3,3,3,3,3,3,3,0,1,2,3,1,3,3,2,0,0,1
2019-20,9,Uttar Pradesh,930,KANNAUJ,93006,HASERAN,Rural,7,SS (VI-X),4,Government Aided,1,1,1,0,1,1,1,1,0,0,1,1,0,0,1,1,1,1,1,1,1,0,0,0,0,1,1,0,0,1,1,0,1,0,1,1,0,0
2019-20,9,Uttar Pradesh,930,KANNAUJ,93006,HASERAN,Rural,7,SS (VI-X),5,Private Unaided (Recognized),1,1,1,0,1,1,1,1,0,0,1,1,0,1,0,1,1,1,1,1,1,1,1,1,1,1,1,0,0,1,1,0,1,0,1,0,1,1
2019-20,9,Uttar Pradesh,930,KANNAUJ,93006,HASERAN,Rural,8,SS (IX-X),1,Department of Education,1,1,0,0,0,0,0,0,0,0,1,1,0,1,0,1,1,1,1,1,1,1,1,1,1,1,1,0,0,0,1,0,1,0,1,1,0,0
2019-20,9,Uttar Pradesh,930,KANNAUJ,93006,HASERAN,Rural,8,SS (IX-X),5,Private Unaided (Recognized),8,8,8,0,8,8,8,8,1,0,7,6,4,6,1,8,8,8,8,8,8,8,8,8,8,8,8,0,1,2,8,1,8,6,2,1,3,2
2019-20,9,Uttar Pradesh,930,KANNAUJ,93006,HASERAN,Rural,10,HSS (IX-XII),4,Government Aided,1,1,1,0,1,1,1,1,1,0,1,1,0,1,1,1,1,1,1,1,1,1,1,1,1,1,1,0,0,0,1,0,1,1,1,1,0,1
2019-20,9,Uttar Pradesh,930,KANNAUJ,93006,HASERAN,Rural,10,HSS (IX-XII),5,Private Unaided (Recognized),8,8,8,0,7,7,8,8,3,0,7,6,5,6,1,8,8,8,8,8,8,8,8,8,8,8,8,1,1,3,8,1,8,7,5,3,3,2
2019-20,9,Uttar Pradesh,930,KANNAUJ,93007,JALALABAD,Rural,1,PS (I-V),1,Department of Education,64,64,43,0,61,11,32,47,0,0,53,64,1,3,10,64,64,64,64,64,64,10,10,10,10,64,64,0,1,0,45,0,45,64,60,16,0,0
2019-20,9,Uttar Pradesh,930,KANNAUJ,93007,JALALABAD,Rural,1,PS (I-V),5,Private Unaided (Recognized),22,22,18,0,22,16,17,17,0,1,18,7,3,10,2,22,22,22,22,22,22,5,7,7,7,22,22,1,1,4,19,0,19,10,10,2,3,4
2019-20,9,Uttar Pradesh,930,KANNAUJ,93007,JALALABAD,Rural,1,PS (I-V),98,Madarsa unrecognized,4,4,3,0,3,3,1,1,2,0,3,0,0,2,1,4,4,4,4,4,4,2,2,2,2,4,4,0,0,0,4,0,4,1,2,1,0,1
2019-20,9,Uttar Pradesh,930,KANNAUJ,93007,JALALABAD,Rural,2,UPS (I-VIII),1,Department of Education,8,8,5,0,7,2,5,7,1,0,7,8,0,0,0,8,8,8,8,8,8,1,1,1,1,8,8,1,1,0,6,0,6,8,8,3,0,2
2019-20,9,Uttar Pradesh,930,KANNAUJ,93007,JALALABAD,Rural,2,UPS (I-VIII),5,Private Unaided (Recognized),2,2,2,0,2,2,1,1,0,0,2,1,1,1,0,2,2,2,2,2,2,0,0,0,0,2,2,0,0,0,2,0,2,2,1,0,0,0
2019-20,9,Uttar Pradesh,930,KANNAUJ,93007,JALALABAD,Rural,2,UPS (I-VIII),98,Madarsa unrecognized,4,4,2,0,2,1,1,1,0,0,1,1,1,1,0,3,3,4,4,4,4,0,1,1,1,4,4,0,0,0,2,0,2,0,1,1,1,1
2019-20,9,Uttar Pradesh,930,KANNAUJ,93007,JALALABAD,Rural,3,HSS (I-XII),98,Madarsa unrecognized,3,3,3,0,3,3,2,3,1,0,3,3,2,2,0,3,3,3,3,3,3,3,2,3,3,3,3,0,2,1,3,2,3,1,3,1,1,1
2019-20,9,Uttar Pradesh,930,KANNAUJ,93007,JALALABAD,Rural,4,UPS (VI-VIII),1,Department of Education,19,19,12,0,17,5,7,14,0,0,15,19,0,1,3,18,18,19,19,19,19,4,4,4,4,19,19,1,0,0,15,0,15,19,19,7,0,2
2019-20,9,Uttar Pradesh,930,KANNAUJ,93007,JALALABAD,Rural,4,UPS (VI-VIII),5,Private Unaided (Recognized),12,12,10,0,11,6,11,11,0,0,11,5,2,8,2,8,8,9,9,12,12,5,4,6,6,12,12,1,1,1,9,0,9,6,8,2,3,2
2019-20,9,Uttar Pradesh,930,KANNAUJ,93007,JALALABAD,Rural,4,UPS (VI-VIII),98,Madarsa unrecognized,1,1,1,0,1,1,1,1,0,0,1,0,0,0,0,1,1,1,1,1,1,0,0,0,0,1,1,0,0,0,1,0,1,1,1,0,0,0
2019-20,9,Uttar Pradesh,930,KANNAUJ,93007,JALALABAD,Rural,5,HSS (VI-XII),1,Department of Education,1,1,0,0,1,0,1,1,0,0,1,0,0,0,0,1,1,1,1,1,1,1,1,1,1,1,0,0,0,0,1,0,1,1,1,1,0,0
2019-20,9,Uttar Pradesh,930,KANNAUJ,93007,JALALABAD,Rural,5,HSS (VI-XII),4,Government Aided,3,3,3,0,3,3,3,3,0,0,3,3,1,1,2,3,3,3,3,3,3,3,3,3,3,3,3,0,1,1,3,1,3,3,3,2,1,3
2019-20,9,Uttar Pradesh,930,KANNAUJ,93007,JALALABAD,Rural,5,HSS (VI-XII),5,Private Unaided (Recognized),4,4,4,0,4,3,4,4,0,0,4,4,4,3,0,4,4,4,4,4,4,2,2,2,2,4,4,0,2,0,4,0,4,4,4,1,4,2
2019-20,9,Uttar Pradesh,930,KANNAUJ,93007,JALALABAD,Rural,5,HSS (VI-XII),93,Jawahar Navodaya Vidyalaya ,1,1,1,0,1,1,1,1,1,0,1,1,1,1,1,1,1,1,1,1,1,1,1,1,1,1,1,1,0,1,1,1,1,1,1,1,0,1
2019-20,9,Uttar Pradesh,930,KANNAUJ,93007,JALALABAD,Rural,6,SS (I-X),98,Madarsa unrecognized,4,4,4,0,3,3,3,3,0,0,1,1,2,2,0,4,4,4,4,4,4,2,2,2,2,4,4,0,0,0,2,0,2,2,2,0,1,0
2019-20,9,Uttar Pradesh,930,KANNAUJ,93007,JALALABAD,Rural,7,SS (VI-X),4,Government Aided,1,1,1,0,1,1,1,1,0,0,1,0,0,1,0,1,1,1,1,1,1,1,1,1,1,1,1,0,1,1,1,0,1,1,1,1,0,0
2019-20,9,Uttar Pradesh,930,KANNAUJ,93007,JALALABAD,Rural,7,SS (VI-X),5,Private Unaided (Recognized),4,4,4,0,4,4,4,4,0,0,4,3,2,3,1,4,4,4,4,4,4,4,4,4,4,4,4,1,1,2,4,1,4,3,2,1,1,3
2019-20,9,Uttar Pradesh,930,KANNAUJ,93007,JALALABAD,Rural,8,SS (IX-X),1,Department of Education,1,1,0,0,1,1,0,0,0,0,1,1,0,1,0,1,1,1,1,1,1,1,0,1,1,1,1,0,0,0,1,0,1,1,1,1,0,0
2019-20,9,Uttar Pradesh,930,KANNAUJ,93007,JALALABAD,Rural,10,HSS (IX-XII),5,Private Unaided (Recognized),1,1,1,0,1,1,1,1,0,0,1,1,0,1,0,1,1,1,1,1,1,1,1,1,1,1,1,0,0,0,1,0,1,0,1,1,0,0
2019-20,9,Uttar Pradesh,930,KANNAUJ,93007,JALALABAD,Urban,4,UPS (VI-VIII),5,Private Unaided (Recognized),1,1,1,0,1,0,1,1,0,0,1,1,0,0,0,1,1,1,1,1,1,0,0,0,0,1,1,0,0,0,0,0,0,1,0,0,0,0
2019-20,9,Uttar Pradesh,930,KANNAUJ,93008,KANNAUJ CITY,Rural,2,UPS (I-VIII),5,Private Unaided (Recognized),1,1,1,0,0,0,1,1,0,0,1,0,0,1,0,1,1,1,1,1,1,0,0,0,0,1,1,1,1,1,1,0,1,1,0,0,0,0
2019-20,9,Uttar Pradesh,930,KANNAUJ,93008,KANNAUJ CITY,Rural,3,HSS (I-XII),4,Government Aided,2,2,2,0,2,2,2,2,0,0,2,2,0,1,1,0,0,2,2,2,2,0,2,2,2,2,2,0,0,0,2,0,2,2,2,2,1,2
2019-20,9,Uttar Pradesh,930,KANNAUJ,93008,KANNAUJ CITY,Rural,5,HSS (VI-XII),5,Private Unaided (Recognized),1,1,1,0,1,1,1,1,0,0,1,0,0,1,0,1,1,1,1,1,1,1,1,1,1,1,1,0,1,0,1,0,1,0,1,0,0,0
2019-20,9,Uttar Pradesh,930,KANNAUJ,93008,KANNAUJ CITY,Rural,7,SS (VI-X),4,Government Aided,1,1,1,0,1,1,1,1,0,0,1,1,0,1,0,1,1,1,1,1,1,1,1,1,1,1,1,0,0,1,1,0,1,1,1,1,0,0
2019-20,9,Uttar Pradesh,930,KANNAUJ,93008,KANNAUJ CITY,Rural,10,HSS (IX-XII),5,Private Unaided (Recognized),1,1,1,0,1,1,1,1,1,0,1,1,1,1,0,1,1,1,1,1,1,1,1,1,1,1,1,1,0,1,1,0,1,1,1,0,0,0
2019-20,9,Uttar Pradesh,930,KANNAUJ,93008,KANNAUJ CITY,Urban,1,PS (I-V),1,Department of Education,16,16,12,0,13,1,16,16,0,0,3,16,1,1,1,16,16,15,15,16,16,14,13,14,14,16,16,0,0,0,16,0,16,12,11,7,0,0
2019-20,9,Uttar Pradesh,930,KANNAUJ,93008,KANNAUJ CITY,Urban,1,PS (I-V),5,Private Unaided (Recognized),24,24,21,0,15,10,24,24,4,0,11,21,4,17,1,23,23,24,24,24,24,13,13,13,13,24,24,2,4,1,24,0,24,17,9,1,6,5
2019-20,9,Uttar Pradesh,930,KANNAUJ,93008,KANNAUJ CITY,Urban,1,PS (I-V),98,Madarsa unrecognized,8,8,7,0,1,1,8,8,1,0,3,6,2,2,0,8,8,8,8,8,8,5,4,5,5,8,8,5,3,2,8,0,8,7,1,1,3,2
2019-20,9,Uttar Pradesh,930,KANNAUJ,93008,KANNAUJ CITY,Urban,2,UPS (I-VIII),1,Department of Education,3,3,2,0,3,0,3,3,0,1,3,3,0,0,1,3,3,3,3,3,3,2,2,2,2,3,3,0,0,0,3,1,3,3,2,2,0,0
2019-20,9,Uttar Pradesh,930,KANNAUJ,93008,KANNAUJ CITY,Urban,2,UPS (I-VIII),5,Private Unaided (Recognized),8,8,6,0,4,2,8,8,0,0,6,6,1,5,2,8,8,8,8,8,8,6,6,6,6,8,8,3,3,1,8,4,8,5,2,0,2,2
2019-20,9,Uttar Pradesh,930,KANNAUJ,93008,KANNAUJ CITY,Urban,2,UPS (I-VIII),98,Madarsa unrecognized,4,4,4,0,3,3,4,4,1,0,3,1,0,1,0,4,4,4,4,4,4,3,3,3,3,4,4,1,1,0,4,0,4,2,1,0,3,3
2019-20,9,Uttar Pradesh,930,KANNAUJ,93008,KANNAUJ CITY,Urban,3,HSS (I-XII),4,Government Aided,1,1,1,0,1,0,1,1,0,0,1,1,0,1,1,1,1,1,1,1,1,1,1,1,1,1,1,0,0,1,1,1,1,1,1,0,0,0
2019-20,9,Uttar Pradesh,930,KANNAUJ,93008,KANNAUJ CITY,Urban,3,HSS (I-XII),5,Private Unaided (Recognized),3,3,3,0,3,3,3,3,1,0,3,2,2,2,1,3,3,3,3,3,3,3,3,3,3,3,3,1,1,2,3,2,3,1,2,1,2,2
2019-20,9,Uttar Pradesh,930,KANNAUJ,93008,KANNAUJ CITY,Urban,3,HSS (I-XII),97,Madarsa recognized (by Wakf board/Madarsa Board) ,1,1,1,0,1,1,1,1,0,0,0,1,0,0,1,1,1,1,1,1,1,0,0,0,0,1,1,0,0,0,1,0,1,0,1,0,0,1
2019-20,9,Uttar Pradesh,930,KANNAUJ,93008,KANNAUJ CITY,Urban,3,HSS (I-XII),98,Madarsa unrecognized,2,2,2,0,2,2,2,2,0,0,1,0,0,2,0,2,2,2,2,2,2,0,0,0,0,2,2,1,1,0,2,1,2,2,1,0,1,0
2019-20,9,Uttar Pradesh,930,KANNAUJ,93008,KANNAUJ CITY,Urban,4,UPS (VI-VIII),1,Department of Education,2,2,1,0,2,0,2,2,1,0,1,2,0,2,0,1,1,2,2,2,2,1,2,2,2,2,2,1,0,1,2,1,2,1,2,1,0,2
2019-20,9,Uttar Pradesh,930,KANNAUJ,93008,KANNAUJ CITY,Urban,4,UPS (VI-VIII),5,Private Unaided (Recognized),2,2,2,0,2,2,2,2,0,0,2,2,0,2,1,1,1,2,2,2,2,1,1,1,1,2,2,0,0,0,2,1,2,1,0,0,1,2
2019-20,9,Uttar Pradesh,930,KANNAUJ,93008,KANNAUJ CITY,Urban,5,HSS (VI-XII),4,Government Aided,2,2,2,0,2,2,2,2,1,0,2,2,0,2,1,2,2,0,0,2,2,2,0,2,2,2,2,0,0,1,2,0,2,2,2,2,1,2
2019-20,9,Uttar Pradesh,930,KANNAUJ,93008,KANNAUJ CITY,Urban,5,HSS (VI-XII),5,Private Unaided (Recognized),4,4,4,0,4,4,4,4,1,0,4,4,2,4,1,4,4,3,3,4,4,4,3,4,4,4,4,2,1,3,4,1,4,3,2,0,2,2
2019-20,9,Uttar Pradesh,930,KANNAUJ,93008,KANNAUJ CITY,Urban,6,SS (I-X),98,Madarsa unrecognized,3,3,2,0,2,1,3,3,0,0,1,2,0,1,0,2,2,3,3,3,3,1,1,1,1,3,3,1,0,0,3,0,3,2,0,0,0,1
2019-20,9,Uttar Pradesh,930,KANNAUJ,93008,KANNAUJ CITY,Urban,7,SS (VI-X),5,Private Unaided (Recognized),2,2,2,0,2,2,2,2,0,0,2,0,0,0,1,2,2,2,2,2,2,1,1,1,1,2,2,0,2,0,2,0,2,2,0,0,2,1
2019-20,9,Uttar Pradesh,930,KANNAUJ,93008,KANNAUJ CITY,Urban,8,SS (IX-X),98,Madarsa unrecognized,1,1,1,0,1,1,1,1,0,0,1,0,0,1,1,1,1,1,1,1,1,1,0,1,1,1,1,0,1,0,1,0,1,0,0,0,1,1
2019-20,9,Uttar Pradesh,930,KANNAUJ,93008,KANNAUJ CITY,Urban,10,HSS (IX-XII),4,Government Aided,1,1,0,0,0,1,1,1,0,0,1,1,0,0,0,1,1,1,1,1,1,1,1,1,1,1,1,0,0,0,1,0,1,1,0,0,0,0
2019-20,9,Uttar Pradesh,930,KANNAUJ,93008,KANNAUJ CITY,Urban,10,HSS (IX-XII),5,Private Unaided (Recognized),1,1,1,0,1,1,1,1,0,0,1,1,1,1,1,0,0,1,1,1,1,0,0,0,0,1,1,0,0,0,1,1,1,0,0,0,1,1
2019-20,9,Uttar Pradesh,930,KANNAUJ,93009,GUGRAPUR,Rural,1,PS (I-V),1,Department of Education,67,66,64,0,63,12,39,42,0,0,49,60,3,14,31,67,67,67,67,67,67,13,13,13,13,67,67,0,12,2,64,0,64,53,47,28,0,0
2019-20,9,Uttar Pradesh,930,KANNAUJ,93009,GUGRAPUR,Rural,1,PS (I-V),5,Private Unaided (Recognized),9,9,9,0,9,9,9,9,1,0,7,2,3,5,1,9,9,8,8,9,9,6,6,6,6,9,9,1,5,5,9,0,9,6,4,1,2,3
2019-20,9,Uttar Pradesh,930,KANNAUJ,93009,GUGRAPUR,Rural,1,PS (I-V),98,Madarsa unrecognized,6,6,6,0,5,4,3,3,0,0,2,0,0,1,0,6,6,6,6,6,6,5,4,5,5,6,6,1,5,1,4,0,4,4,0,0,1,1
2019-20,9,Uttar Pradesh,930,KANNAUJ,93009,GUGRAPUR,Rural,2,UPS (I-VIII),1,Department of Education,5,5,5,0,5,0,4,4,0,0,3,5,0,1,3,5,5,5,5,5,5,0,0,0,0,5,5,0,0,0,5,0,5,5,3,3,0,0
2019-20,9,Uttar Pradesh,930,KANNAUJ,93009,GUGRAPUR,Rural,2,UPS (I-VIII),5,Private Unaided (Recognized),2,2,2,0,2,2,1,2,1,0,1,0,0,0,0,2,2,2,2,2,2,2,2,2,2,2,2,1,1,1,2,1,2,1,2,1,0,0
2019-20,9,Uttar Pradesh,930,KANNAUJ,93009,GUGRAPUR,Rural,2,UPS (I-VIII),98,Madarsa unrecognized,4,4,2,0,0,0,2,2,0,0,0,0,0,0,0,4,4,4,4,4,4,2,2,2,2,4,4,0,2,2,2,0,2,0,0,0,0,1
2019-20,9,Uttar Pradesh,930,KANNAUJ,93009,GUGRAPUR,Rural,3,HSS (I-XII),97,Madarsa recognized (by Wakf board/Madarsa Board) ,2,2,2,0,1,1,1,1,0,0,1,2,0,0,0,2,2,2,2,2,2,1,1,1,1,2,2,0,1,0,1,0,1,1,1,1,0,1
2019-20,9,Uttar Pradesh,930,KANNAUJ,93009,GUGRAPUR,Rural,4,UPS (VI-VIII),1,Department of Education,18,18,13,0,18,3,10,10,1,0,15,15,0,2,4,18,18,18,18,18,18,3,3,3,3,18,18,0,3,1,16,1,16,17,9,6,0,0
2019-20,9,Uttar Pradesh,930,KANNAUJ,93009,GUGRAPUR,Rural,4,UPS (VI-VIII),4,Government Aided,1,1,1,0,1,1,1,1,0,0,1,1,0,1,0,1,1,1,1,1,1,1,1,1,1,1,1,0,0,0,1,0,1,0,1,1,1,0
2019-20,9,Uttar Pradesh,930,KANNAUJ,93009,GUGRAPUR,Rural,4,UPS (VI-VIII),5,Private Unaided (Recognized),11,11,11,0,9,11,9,9,1,0,8,1,1,4,1,11,11,10,10,11,11,6,5,6,6,11,11,4,7,6,11,4,11,6,4,0,2,1
2019-20,9,Uttar Pradesh,930,KANNAUJ,93009,GUGRAPUR,Rural,5,HSS (VI-XII),5,Private Unaided (Recognized),2,2,2,0,2,2,2,2,0,0,2,1,1,2,0,2,2,2,2,2,2,2,2,2,2,2,2,0,0,0,2,0,2,1,1,1,1,0
2019-20,9,Uttar Pradesh,930,KANNAUJ,93009,GUGRAPUR,Rural,6,SS (I-X),98,Madarsa unrecognized,7,7,7,0,2,2,3,4,1,0,3,1,0,2,1,7,7,7,7,7,7,2,2,2,2,7,7,1,6,0,6,1,6,5,1,1,1,1
2019-20,9,Uttar Pradesh,930,KANNAUJ,93009,GUGRAPUR,Rural,7,SS (VI-X),5,Private Unaided (Recognized),2,2,2,0,2,2,2,2,1,0,1,2,1,2,1,2,2,2,2,2,2,2,1,2,2,2,2,0,1,1,2,1,2,2,0,0,1,1
2019-20,9,Uttar Pradesh,930,KANNAUJ,93009,GUGRAPUR,Rural,8,SS (IX-X),1,Department of Education,2,2,0,0,2,2,1,2,0,0,1,1,0,0,0,2,2,2,2,2,2,2,1,2,2,2,2,0,0,0,2,0,2,2,2,2,0,0
2019-20,9,Uttar Pradesh,930,KANNAUJ,93009,GUGRAPUR,Rural,8,SS (IX-X),5,Private Unaided (Recognized),2,2,2,0,2,2,2,2,0,0,2,1,0,2,1,2,2,2,2,2,2,1,1,1,1,2,2,0,1,1,2,1,2,2,2,1,0,0
2019-20,9,Uttar Pradesh,930,KANNAUJ,93009,GUGRAPUR,Rural,10,HSS (IX-XII),5,Private Unaided (Recognized),3,3,3,0,3,3,3,3,0,0,3,0,0,2,0,3,3,3,3,3,3,3,3,3,3,3,3,0,1,0,3,0,3,1,2,1,2,0
2019-20,9,Uttar Pradesh,930,KANNAUJ,93009,GUGRAPUR,Urban,1,PS (I-V),5,Private Unaided (Recognized),1,1,1,0,1,1,1,1,0,0,0,0,0,0,0,1,1,1,1,1,1,1,1,1,1,1,1,0,1,0,1,0,1,1,0,0,1,0
2019-20,9,Uttar Pradesh,930,KANNAUJ,93009,GUGRAPUR,Urban,10,HSS (IX-XII),4,Government Aided,1,1,0,0,0,1,0,0,0,0,0,0,0,0,0,1,1,1,1,1,1,0,0,0,0,1,1,0,0,1,1,0,1,1,1,0,0,0
